cnes,nome,rede,D2,atipico,leitos,uti,alta,fat,tmp,mort,ocup,giro
8028,Hospital Municipal Antonio Giglio,OSS,3.2447699953141,False,201,9.950248756218905,0.34895314057826,1411.7361854436706,6.07666999002991,9.10269192422731,92.25611140543404,49.90049751243781
8036,Hospital Maternidade Amador Aguiar,Direta,3.9010658889313157,False,175,10.285714285714286,0.0,1101.9389661296457,3.913231003425092,0.52010655841684,53.83125381729343,45.04571428571428
8052,Hospital Regional Dr Vivaldo Martins Simoes Osasco,Direta,12.230540050861505,False,250,19.2,5.24209683873549,2650.0683673469434,8.460584233693478,8.44337735094037,57.35250237352503,19.992
8923,Centro Hospitalar De Santo Andre Dr Newton Da Costa Brandao,OSS,2.674241747034431,False,296,20.27027027027027,5.1283713692946,2097.0220915456443,4.499221991701245,6.67790456431535,80.56187601578826,52.108108108108105
9601,Hospital Pio Xii,Filantrópico,19.369772106577884,True,72,16.666666666666668,52.79907975460123,3558.5040356595064,4.303680981595092,10.37193251533742,102.50228310502284,72.44444444444444
9628,Hospital Municipal Dr Jose De Carvalho Florence,OSS,4.921817794200598,False,402,17.91044776119403,2.83009400194025,1417.7344692737445,3.995784966380089,4.54956009768173,99.1664591116646,74.36069651741293
2022621,Maternidade De Campinas,Filantrópico,7.002384816715344,False,122,20.491803278688526,0.0,1160.9329207920782,3.844059405940594,0.37666810159276,100.88688038412654,76.1639344262295
2022648,Hospital Irmaos Penteado E Santa Casa De Campinas,Filantrópico,19.83660244302927,True,73,6.8493150684931505,2.56615878107457,1481.6160304731352,9.39655172413793,17.36166800320769,94.41982272361,34.16438356164384
2023016,Casa De Caridade Sao Vicente De Paulo Cajuru,Filantrópico,3.5904134284559612,False,55,0.0,0.0,549.7381966276073,3.290654472706488,3.1437553586739,57.35491905354919,63.61818181818182
2023474,Hospital Municipal Walter Ferrari,OSS,3.6461105346902873,False,99,15.151515151515152,0.53708439897698,1229.1222813299237,3.4452685421994884,5.03836317135549,43.93672537508154,39.494949494949495
2023709,Santa Casa De Misericordia De Itatiba,Filantrópico,4.3257785659526995,False,74,18.91891891891892,4.919043947571311,1229.4487432536637,3.386584425597533,4.68774094063222,100.28310502283104,87.63513513513513
2024691,Santa Casa,Filantrópico,2.296482418571417,False,101,17.821782178217823,0.67755385684503,1396.548754343294,5.316191799861015,7.85267546907574,101.0067667932002,56.99009900990099
2024756,Hospital E Maternidade Nossa Senhora Da Ajuda,Filantrópico,2.3813854643552532,False,68,14.705882352941176,0.1228124040528,1079.6681271108396,4.355541909732883,8.535462081670241,67.0099196976854,47.89705882352941
2025361,Hospital De Cancer De Sao Bernardo Do Campo Padre Anchieta,OSS,31.483003475973895,True,83,22.89156626506024,21.30013831258644,4915.705746887965,9.855117565698478,21.05809128630705,122.00770547945206,34.8433734939759
2025477,Hospital E Maternidade Santa Isabel De Jaboticabal,Filantrópico,1.4359982606411226,False,43,6.976744186046512,0.04580852038479,985.1960009161712,4.411818598259276,4.580852038479151,65.96575342465754,50.76744186046512
2025507,Hospital Das Clinicas Hcfamema,Universitário,1.7465200830797136,False,318,19.18238993710692,11.751477769211,2425.173514520688,5.505140066820869,5.55769725006425,91.34054687916422,48.943396226415096
2025752,Santa Casa De Santos,Filantrópico,2.7112937065879796,False,256,19.53125,15.840916750926858,3476.256825918437,5.884057971014493,6.18469834850016,92.8740524005852,46.359375
2026805,Santa Casa De Guariba,Filantrópico,8.038137622961594,False,53,0.0,0.0,526.5563972602741,2.819178082191781,3.63013698630136,21.27681571465495,27.547169811320753
2027186,Santa Casa De Misericordia De Itapeva,Filantrópico,3.203698093398797,False,132,22.727272727272727,7.444626743232149,1550.970942370794,3.9564191960623454,6.16283839212469,103.6341659951652,73.87878787878788
2027356,Hospital Municipal Universitario,Universitário,6.123548345987613,False,140,20.714285714285715,2.87883581145207,2029.3393229990504,3.864178002741749,0.35853632816618997,90.44551400715784,67.73571428571428
2028204,Santa Casa De Monte Alto,Filantrópico,7.276232356060319,False,59,27.11864406779661,0.0,1845.1681325757584,4.581818181818182,6.62878787878787,77.0691302962727,44.74576271186441
2028239,Hospital Regional De Teodoro Sampaio,Filantrópico,7.057738965063461,False,43,0.0,0.0,334.8327861952862,3.40993265993266,5.63973063973064,25.81076776043325,27.627906976744185
2028840,Instituto De Infectologia Emilio Ribas Sao Paulo,Direta,65.80502070517748,True,173,17.341040462427745,34.20718816067653,2783.2907991543343,12.361099365750528,7.99154334038055,56.00919628316888,13.670520231213873
2040069,Hospital Maternidade Jesus Jose E Maria,Filantrópico,5.136093239488616,False,132,16.666666666666668,0.0,1149.349868310786,4.276547348258111,0.56267209385849,88.97135740971358,63.28030303030303
2058308,Hospital Municipal Dr Acilio Carreon Garcia,Direta,7.094438897169535,False,63,0.0,0.0,536.8020118343202,5.309664694280079,9.007232084155161,35.12067840834964,24.142857142857142
2065665,Hospital Maternidade Interlagos,Direta,4.808849751035986,False,89,15.730337078651685,0.0,958.2660267505908,3.1591266719118805,0.35405192761605003,58.6703196347032,57.12359550561798
2066092,Hospital Geral De Pedreira,OSS,2.6342928822431664,False,295,13.898305084745763,1.5600197055120602,1341.3436641304977,5.24609995073622,7.02829930483332,103.37719771329954,61.92881355932203
2066572,Hospital Heliopolis Unidade De Gestao Assistencial I Sp,Direta,18.26059813853085,True,290,8.275862068965518,5.00946555992427,1187.61544342508,8.285859909713121,15.65457987476336,58.6043876815326,23.679310344827588
2069776,Hospital De Urgencia,OSS,3.790676618555512,False,257,11.673151750972762,0.03595053206787,1099.301921915444,6.235188380788036,6.15473109002013,104.6635688854022,54.11673151750973
2071568,Hc Da Fmusp Instituto Do Coracao Incor Sao Paulo,Universitário,75.79833447638636,True,406,39.6551724137931,54.136475332367205,11344.673885073424,8.239682439669838,4.49877134396068,146.2365110427733,39.09113300492611
2075717,Hosp Mun Maternidade Professor Mario Degni,Direta,8.728925688305836,False,63,14.285714285714286,0.01657550140891,1365.833144372619,3.278965688712084,0.8785015746726301,100.36529680365295,95.76190476190476
2075962,Hosp Da Sta Casa De Sto Amaro,Filantrópico,7.725648630131456,False,88,10.227272727272727,7.25487522160098,1849.95919132688,2.407063957452612,2.4819309968634897,61.21380267036587,83.32954545454545
2076896,Hospital Sao Luiz Gonzaga,Filantrópico,5.000861969326811,False,177,0.0,0.0,643.03218217482,4.30599485104818,1.56920436434963,54.36730903180868,46.08474576271186
2076926,Hospital Universitario Da Usp Sao Paulo,Universitário,1.3557438634310448,False,206,13.592233009708737,1.5591342701815498,1114.7423971689434,4.4823058775259,3.8260334393271105,67.25873480067723,47.3252427184466
2077388,Hospital Amparo Maternal,Filantrópico,3.4540864565329303,False,104,9.615384615384615,0.0,859.6320557980047,2.9694513715710724,0.07793017456359,55.52900029146021,61.69230769230769
2077396,Hospital De Base De Sao Jose Do Rio Preto,Universitário,22.41450778678418,True,860,21.3953488372093,22.199760785701052,3921.712250972849,4.871784504978016,4.54844089553747,117.20596579395315,69.02441860465116
2077426,Hospital Geral Henrique Altimeyer De Vila Alpina,OSS,2.6981096124925634,False,212,17.92452830188679,1.10139293812763,1620.3375834143185,4.556656948493683,6.38160025915128,110.74161549362306,72.80660377358491
2077434,Hospital Dr Leopoldo Bevilacqua,OSS,0.7991097927604109,False,176,14.772727272727273,6.60846614556897,1359.0177819510718,4.139579738097655,6.64907116028829,74.48219178082192,55.97159090909091
2077450,Hosp Mun Pirituba Jose Soares Hungria,Direta,2.861133139497349,False,71,11.267605633802816,0.051453563159240004,1214.1723025469526,5.716748134808335,7.69230769230769,96.63405088062622,54.74647887323944
2077477,Hospital Santa Marcelina Sao Paulo,Filantrópico,8.004795656688275,False,542,19.00369003690037,30.43787402974462,3382.072482372464,5.39254606861409,5.47786928956568,113.59565637969231,62.276752767527675
2077485,Hospital Sao Paulo Hospital De Ensino Da Unifesp Sao Paulo,Universitário,24.037043179527835,True,780,14.615384615384615,39.87522744996101,4596.299663559728,4.148055999108768,3.6057781573768004,45.951293759512936,34.524358974358975
2077493,Hospital Geral De Sao Mateus Sao Paulo,Direta,4.11217100969054,False,251,19.52191235059761,2.50538487699807,1440.1345017571723,6.00555492574538,8.84253485999319,71.84999321849993,35.14342629482072
2077523,Unidade De Gestao Assistencial Ii Hospital Ipiranga Sp,Direta,3.6924110903723935,False,314,10.19108280254777,5.66526073619631,1282.653466257663,6.340874233128834,5.9049079754601195,64.26503448945886,33.22292993630573
2077531,A C Camargo Cancer Center,Filantrópico,17.468907962573322,False,132,21.21212121212121,31.525157232704398,4363.732900943395,5.908805031446541,6.132075471698109,19.799789251844047,9.636363636363637
2077574,Conjunto Hospitalar Do Mandaqui Sao Paulo,OSS,4.457629041637507,False,409,15.89242053789731,4.9245611083066905,2046.8462768523184,7.080767289247855,6.82595770934993,100.54396304555593,43.59168704156479
2077582,Hospital Nossa Senhora Da Piedade,Filantrópico,1.2049051104513782,False,49,12.244897959183673,0.0,1283.4591701680713,3.5210084033613445,4.37675070028011,64.07136030582988,58.285714285714285
2077590,Ibcc,Filantrópico,16.996974399425042,False,76,13.157894736842104,46.31167562286272,2359.29615290669,4.375183194919394,6.83927699071812,74.35450394354504,53.86842105263158
2077620,Hospital Geral Santa Marcelina De Itaim Paulista Sao Paulo,OSS,3.538476237238086,False,324,11.11111111111111,0.26169447170428,1028.064956493292,6.29892051030422,6.10402355250245,91.58961187214612,47.175925925925924
2077639,Hosp Mun Prof Dr Waldomiro De Paula,Direta,5.014697302399139,False,177,6.779661016949152,0.07588404917286,973.9015222340278,4.810441645166186,4.33297920777052,105.25861353258614,74.45197740112994
2077647,Santa Casa De Mis De Adamantina Na Providencia De Deus,Filantrópico,3.3625745252966563,False,56,14.285714285714286,0.06494912318683001,1205.6533903442337,3.7479974020350726,6.2134661182074,98.81278538812784,82.48214285714286
2077655,Assoc Aacd V Clementino,Filantrópico,6.951118428328638,False,27,14.814814814814815,23.57463164638052,3197.7812940422814,3.0839205637411915,0.0,57.34365693865396,57.81481481481482
2077671,Hospital Geral Do Grajau Prof Liber John Alphonse Di Dio Sp,OSS,2.6692617517424067,False,254,14.960629921259843,0.61911681091667,1621.1361077768613,5.2937646092614825,5.584686335207531,106.28488077118216,62.318897637795274
2077701,Hospital E Maternidade Leonor Mendes De Barros Sao Paulo,Direta,5.00350394067739,False,167,11.976047904191617,0.0,1491.8559351736967,4.425403225806452,0.68238213399503,53.182368837946136,38.61077844311377
2078015,Hc Da Fmusp Hospital Das Clinicas Sao Paulo,Universitário,80.72711058699245,True,1472,15.285326086956522,20.46482830880602,3928.703490339897,5.599101458938579,2.7591243193472,77.48854785732333,42.79279891304348
2078074,Santa Casa De Leme,Filantrópico,2.105083565548338,False,85,9.411764705882353,0.01772735330615,981.449469952137,3.459138450629321,6.71866690303137,69.42892723714641,66.36470588235294
2078104,Hospital Geral De Itapevi,OSS,1.8701135870024215,False,260,11.538461538461538,0.01227069145346,960.6367838517716,4.113319835572734,2.9756426774648697,79.86063132817154,62.68846153846154
2078139,Santa Casa De Presidente Venceslau,Filantrópico,3.108762548925163,False,72,13.88888888888889,0.20341741253051002,1200.716627339302,4.185109845402766,5.57363710333604,45.45735749005745,34.138888888888886
2078155,Hospital Stella Maris,Filantrópico,18.432905597291185,True,63,15.873015873015873,47.10693729172978,3003.322880945172,1.840351408664041,1.78733717055437,31.40346342724218,52.3968253968254
2078252,Santa Casa De Birigui,Filantrópico,0.6287672069994874,False,87,11.494252873563218,0.0,1114.3432613168732,4.522427983539095,5.30864197530864,78.20316669631738,55.86206896551724
2078295,Santa Casa De Taquaritinga,Filantrópico,1.5238288888170406,False,84,11.904761904761905,0.022426553038789997,713.2328728414456,3.246019286835613,3.96949988786723,53.58756016290263,53.083333333333336
2078414,Santa Casa De Guaira,Filantrópico,5.249939104567565,False,48,20.833333333333332,0.5494505494505401,1478.2923886639694,2.9109311740890687,3.55696934644303,72.57390050468638,72.04166666666667
2078465,Real Sociedade Portuguesa De Beneficencia,Filantrópico,64.6733192584996,True,51,27.45098039215686,0.08503401360544001,4368.04940476191,13.80187074829932,26.02040816326531,120.1851166234728,23.058823529411764
2078473,Hospital Dr Luiz Camargo Da Fonseca E Silva,OSS,3.280809288138605,False,127,14.173228346456693,0.01529987760097,1268.3141783965782,6.146266829865361,5.73745410036719,100.97272841523188,51.46456692913386
2078503,Santa Casa De Penapolis,Filantrópico,2.7271480677077156,False,72,13.88888888888889,0.05437737901033,1062.509323907923,3.693492840311764,7.14156244335689,90.04418912947415,76.625
2078511,Hospital Regional De Ilha Solteira,Filantrópico,2.950326575226369,False,75,10.666666666666666,0.0,1162.1388288945675,3.824881430134987,6.34804815760671,42.87057861378041,36.54666666666667
2078562,Hospital Geral De Itaquaquecetuba,OSS,3.321015275617604,False,276,10.869565217391305,0.89309696481332,1166.437419419822,6.09501745903841,6.82917002417405,101.08809444258826,53.95652173913044
2078775,Santa Casa De Aracatuba Hospital Sagrado Coracao De Jesus,Filantrópico,5.980667510481873,False,261,22.988505747126435,18.91223733003708,3418.9791031451705,6.071144073616262,10.486196950968269,120.50432767668508,55.793103448275865
2078848,Santa Casa Anna Cintra,Filantrópico,3.412789061062535,False,62,11.290322580645162,0.0,1081.5362770216198,3.07339204697091,7.365892714171331,57.36488169364882,60.435483870967744
2079097,Santa Casa De Capao Bonito,Filantrópico,4.402802307828934,False,53,18.867924528301888,3.4205933682373404,1055.9582931937211,3.448167539267016,7.643979057591619,62.94361261548264,54.056603773584904
2079135,Santa Casa De Misericordia De Tatui,Filantrópico,0.8217067148051385,False,78,10.256410256410257,0.020712510356249998,950.9846768848404,3.669842584921292,5.6338028169014,69.34637964774952,61.8974358974359
2079186,Hosp Mun Mat Esc Dr Mario De Moraes A Silva,Direta,6.750134842232722,False,187,19.78609625668449,0.0,1568.5319288292922,4.262727473660944,0.47889191777794,105.67671232876712,72.58288770053476
2079232,Hospital Santa Barbara,Filantrópico,1.6915850308815448,False,109,16.513761467889907,11.919159770846589,1493.498567791216,3.703691915977085,5.93570973901973,70.07075116664157,57.65137614678899
2079240,Hospital Geral Jesus Teixeira Da Costa Guaianases Sao Paulo,Direta,14.975757953785225,False,247,11.336032388663968,0.05392289026691,1861.628692369908,7.637638177406309,12.29441898085737,35.438794020141366,15.016194331983806
2079356,Santa Casa De Tanabi,Filantrópico,13.036716392925431,False,30,0.0,0.0,585.0563373323921,6.2646436132674665,1.34086097388849,81.06849315068493,47.233333333333334
2079364,Santa Casa De Misericordia De Serrana,Filantrópico,5.474338331889667,False,14,0.0,0.0,320.9143206106872,3.444274809160305,0.6106870229007599,44.148727984344426,46.785714285714285
2079410,Complexo Hospitalar Padre Bento De Guarulhos,Direta,7.605904782049533,False,162,17.28395061728395,17.77992900935785,1708.6268344627338,6.657147466924815,12.05227492739593,84.36107135555102,38.25925925925926
2079593,Hospital Sao Joao Registro,Filantrópico,5.438886122741051,False,91,10.989010989010989,0.0,513.5582294662828,2.973473953339725,2.94023649728347,31.46964315914088,34.38461538461539
2079615,Hospital Municipal De Ibiuna Ibiuna Sp,OSS,3.37592359562473,False,70,0.0,0.0,510.62632170720434,3.247131711794401,3.30426801284993,55.385518590998046,62.25714285714286
2079704,Hospital Dr Renato Silva De Socorro,Filantrópico,3.2383511987155145,False,56,12.5,4.10104011887072,939.414353640418,2.59702823179792,5.40861812778603,48.8621750069891,60.089285714285715
2079720,Hospital Guilherme Alvaro Santos,Direta,9.100904864131337,False,223,26.00896860986547,9.80040941658137,1718.6271737461614,6.133444216990788,5.20726714431934,79.59983395599834,35.04932735426009
2079798,Hospital Das Clinicas Da Unicamp De Campinas,Universitário,9.63358150977725,False,630,16.825396825396826,23.637134122347668,3676.6379816569406,5.814329388261646,4.79765111844295,100.43291854020706,52.439682539682536
2079828,Hospital Geral Pirajussara,OSS,1.6441073792284553,False,312,11.217948717948717,7.10564308580754,1960.2216684451676,4.661665934341849,4.36884062519615,73.45334058651896,51.06089743589744
2079836,Santa Casa De Misericordia Itapolis,Filantrópico,2.385403259977918,False,52,17.307692307692307,0.0,1173.693170080145,3.308993766696349,5.52092609082813,71.02899012424339,64.78846153846153
2079860,Santa Casa De Suzano,Filantrópico,4.439191138124628,False,85,21.176470588235293,0.0,1301.5372890888646,4.582355776956452,7.93829342760726,116.60601104068698,73.21176470588236
2079895,Santa Casa De Misericordia De Jales,Filantrópico,1.4306433622000831,False,89,14.606741573033707,0.27370478983382,1301.8095777126164,4.097751710654936,7.46823069403714,75.55875991348233,57.47191011235955
2079925,Santa Casa De Porto Feliz,Filantrópico,4.788195639855137,False,71,0.0,15.20078837152008,841.0539541759067,2.6610002463661,3.59694506035969,41.67856453791241,57.16901408450704
2080028,Hospital Municipal De Diadema Hmd,Direta,3.5116419121411413,False,214,17.289719626168225,0.11356108640105,1206.9088322134917,6.237342670578215,5.64020062458597,102.01996749477594,49.37850467289719
2080044,Santa Casa De Sao Joaquim Da Barra,Filantrópico,3.126364452661651,False,81,9.876543209876543,1.13759479956663,1468.6385292524346,3.3431744312026,6.36511375947995,46.32388815912929,45.58024691358025
2080052,Hospital Nossa Senhora Aparecida,Filantrópico,2.9348045056411145,False,160,10.625,7.504780114722751,1074.5769757807536,3.393642447418738,2.0076481835564,81.61126544688189,78.45
2080079,Hospital Dr Osiris Florindo Coelho,Direta,3.3144442834766763,False,225,13.333333333333334,0.26058631921824,869.8678019544004,4.982540716612378,4.70358306188925,53.72813487881981,34.111111111111114
2080087,Santa Casa De Misericordia De Tiete,Filantrópico,4.441468203736455,False,33,0.0,0.0,453.29519014693005,2.7830596369922214,3.5868625756266197,53.46616853466168,70.12121212121212
2080095,Santa Casa De Jose Bonifacio,Filantrópico,4.701529572078937,False,43,0.0,0.0,548.9262038523264,4.313402889245586,3.04975922953451,68.48677922905384,57.95348837209303
2080125,Instituto Do Cancer Arnaldo Vieira De Carvalho,Filantrópico,16.811253444168276,False,80,10.0,42.71523178807947,2737.1865673289126,3.806291390728477,11.01913171449595,78.73287671232876,67.95
2080222,Santa Casa De Caconde,Filantrópico,16.783370454382894,False,66,0.0,0.0,1436.5131788369044,7.992129427197201,2.4923480542195,75.87380655873807,34.65151515151515
2080273,Hospital Estadual Mario Covas De Santo Andre,OSS,5.983410211818187,False,320,23.75,26.936943565594877,2846.4488926495496,5.999264218968435,6.9236995070267096,91.55176285650124,42.471875
2080281,Hospital Sao Jose De Herculandia,Filantrópico,13.596460031810665,False,58,0.0,0.0,383.3734536082477,3.3827319587628866,0.38659793814432,12.399622106754842,13.379310344827585
2080338,Hospital Geral De Guarulhos Prof Dr Waldemar De Carvalho,OSS,2.698839117603261,False,297,15.488215488215488,7.37030411449016,1412.5597306414516,4.994377715307948,7.06874520828009,106.65829831359494,65.87542087542087
2080346,Hosp Mun Dr Carmino Caricchio,Direta,21.80579493521193,True,385,19.48051948051948,6.004273504273501,2557.5856153846157,11.249465811965813,10.22435897435897,93.05788775961112,24.31168831168831
2080354,Hospital Santo Antonio Santos,Filantrópico,7.727469308242393,False,37,24.324324324324323,12.69121813031161,2465.9337733711054,6.210198300283286,12.0113314447592,107.2504892367906,47.7027027027027
2080400,Hospital Imaculada Conceicao Ribeirao Preto,Filantrópico,4.428760788109201,False,101,9.900990099009901,22.84515636918383,2370.9141533180755,3.8290109331299274,6.45817442156115,90.67891013096492,77.88118811881188
2080478,Santa Casa De Misericordia De Pedregulho,Filantrópico,11.509689780672627,False,55,0.0,0.0,467.4523859934848,2.473941368078176,1.4657980456025999,15.133250311332503,22.327272727272728
2080532,Santa Casa Hosp Dr Aristoteles Oliveira Martins Pres Prudent,Filantrópico,6.805291731356322,False,89,11.235955056179776,19.827288428324692,3323.893677029356,5.2,6.4594127806563,104.41477371250215,65.0561797752809
2080575,Hospital Bp,Filantrópico,51.39193396737184,True,252,25.793650793650794,79.5526149968494,9684.100122873344,5.189666036546944,2.0793950850661598,24.13303054721266,12.595238095238095
2080583,Hosp Mun Tide Setubal,Direta,2.007004366521847,False,193,16.580310880829014,0.77663048274644,1310.000499514608,5.387256199805843,7.122054540640719,103.8764570747894,58.70984455958549
2080664,Santa Casa De Tupa,Filantrópico,3.27008219890897,False,142,22.535211267605632,3.8528896672504303,1566.8879497122823,3.978233675256442,6.6925193895421495,79.2079701120797,56.29577464788732
2080680,Hospital Das Clinicas Luzia De Pinho Melo Mogi Das Cruzes,OSS,5.5873715904067405,False,314,9.235668789808917,19.34635173058933,2121.344804724044,5.624181478016838,9.65855940130963,92.47392453737082,54.47133757961783
2080923,Hospital Sao Vicente,Filantrópico,2.1417813458235364,False,86,8.13953488372093,2.8488111260655002,1197.7646455809831,3.1527590847913864,5.92193808882907,48.74284723426391,51.83720930232558
2080931,Santa Casa De Sao Carlos,Filantrópico,4.720509974134032,False,180,22.22222222222222,15.37202568299131,2083.543717738887,3.50705023290948,5.0547652020647105,109.02739726027396,88.25555555555556
2080958,Santa Casa De Misericordia De Palmital,Filantrópico,6.147056773535416,False,29,0.0,0.04870920603994,664.6082123721388,2.4179249878226985,4.52995616171456,46.89655172413793,70.79310344827586
2081083,Santa Casa De Assis,OSS,3.353479787666349,False,78,12.820512820512821,0.23317788141239,1560.7147618254487,3.561958694203864,2.7981345769487,86.16438356164383,76.97435897435898
2081105,Santa Casa De Valparaiso,Filantrópico,8.096979334141475,False,32,0.0,0.0,553.1400110253577,2.856670341786108,4.85115766262403,22.18321917808219,28.34375
2081164,Hospital Santa Lydia Ribeirao Preto,Filantrópico,3.788520582297847,False,92,21.73913043478261,0.0,1628.755774726815,5.5601008685906415,7.59316335107873,75.50989345509893,38.79347826086956
2081253,Hospital Sao Luiz De Araras,Filantrópico,1.1508086328630376,False,117,14.52991452991453,12.02733485193621,2487.4495383447324,4.36826119969628,6.42369020501139,78.8082191780822,56.282051282051285
2081261,Hospital Sao Luiz,Filantrópico,3.8779781313764685,False,36,0.0,0.0,596.6035824856264,2.9195046439628483,4.157452454666069,50.23592085235921,62.80555555555556
2081350,Hospital De Piraju,Filantrópico,5.056889142331393,False,49,0.0,0.0,485.7069727891151,3.08600583090379,5.87949465500485,35.51020408163265,42.0
2081377,Santa Casa De Votuporanga,Filantrópico,2.9728921536021655,False,146,14.383561643835616,10.96864918520969,1747.518022168914,3.3530482256596907,5.0707254528910495,88.84383561643835,82.8013698630137
2081458,Santa Casa De Limeira,Filantrópico,3.4521869106466045,False,191,24.607329842931936,18.926851294400958,3144.968985550887,4.341511137868753,5.885009030704389,109.76027397260276,69.57068062827226
2081512,Santa Casa De Misericordia De Guaratingueta,Filantrópico,3.2366585817135634,False,108,21.296296296296298,13.788761215173931,1777.2853344876487,4.813631355265229,6.35920037777428,98.56889605157131,58.824074074074076
2081555,Santa Casa De Misericordia De Itarare,Filantrópico,7.999871888559277,False,53,0.0,0.025920165889059998,704.3057128045618,2.002851218247797,4.22498703991705,39.94313776169553,72.79245283018868
2081695,Conjunto Hospitalar Sorocaba,OSS,4.253187684795453,False,405,13.580246913580247,12.41842989914969,2382.7002615186857,6.405082064465098,8.46351591852877,101.4183953033268,49.94567901234568
2081814,Santa Casa De Guararapes,Filantrópico,4.479257440004901,False,48,0.0,0.0,488.05892021595554,4.395920815836833,5.93881223755249,41.82648401826484,34.729166666666664
2081873,Hospital E Maternidade De Rancharia,Filantrópico,3.3190961875291136,False,81,12.345679012345679,0.0,1135.2840994371495,2.62218574108818,4.71388367729831,43.14489677792784,52.641975308641975
2081970,Hosp Mun Jabaquara Artur Ribeiro De Saboya,Direta,2.3465441808995093,False,198,16.666666666666668,2.5205158264947203,1953.6079777256796,6.644783118405627,7.7813599062133605,75.29099211290992,34.464646464646464
2082098,Hospital Dr Adhemar De Barros Apiai,Filantrópico,5.560125116091877,False,45,0.0,0.0,517.5864595719388,2.7098692033293696,3.7752675386444703,55.50076103500761,74.75555555555556
2082128,Hospital E Maternidade Celso Pierro,Universitário,3.9446050578537175,False,213,20.657276995305164,19.46246524559777,3336.172549369075,5.038996221572681,4.73372781065088,114.58539353165276,65.85446009389672
2082179,Hospital Sao Francisco De Americana,Filantrópico,15.2448819764689,False,10,20.0,0.0,1032.5697052631565,1.2252631578947368,0.0,19.931506849315067,47.5
2082187,Hospital Das Clinicas Faepa Ribeirao Preto,Universitário,21.93774608973199,True,847,14.403778040141676,23.73972864513663,2926.312756927202,4.5600611503917445,3.39766864131473,90.17590930562116,61.7827626918536
2082225,Hospital Katia De Souza Rodrigues Taipas Sao Paulo,OSS,1.498791034569966,False,247,11.740890688259109,0.046129716763530004,977.0696715564184,5.352800073807547,6.44893440354276,72.91567173557874,43.88259109311741
2082322,Hospital Dona Balbina,Filantrópico,1.9360430670794804,False,37,10.81081081081081,0.0390167772142,935.0938470542332,3.3398361295357004,6.0476004682013205,71.06683271066832,69.27027027027027
2082349,Hospital De Clinicas Dr Radames Nardini,OSS,1.9320165987263587,False,231,16.883116883116884,0.029006526468450002,1166.4206802030428,5.130456852791879,6.25815808556925,100.95462328767124,59.696969696969695
2082519,Santa Casa De Paraguacu Paulista,Filantrópico,4.0838103341602405,False,89,17.97752808988764,7.31283654681257,1263.0150199756858,2.7606392218169185,4.3425395171096,59.647213360855694,64.68539325842697
2082527,Santa Casa De Araraquara,Filantrópico,9.921940980777325,False,182,13.186813186813186,38.48939472322814,2678.8846061821,3.7352560786342472,6.4019658561821,100.15952835096238,84.96703296703296
2082586,Santa Casa De Misericordia De Osvaldo Cruz,Filantrópico,4.731045243966657,False,53,0.0,0.0,561.9655933456552,3.347134935304991,6.728280961182991,46.80279141897131,51.0377358490566
2082594,Complexo Hospitalar Municipal,OSS,2.6784763161526293,False,164,21.341463414634145,4.43985544656685,1807.6388771295856,4.559112028910687,7.17604543107898,75.02176914091537,47.24390243902439
2082632,Hospital E Maternidade Sao Jose Barra Bonita,Filantrópico,6.96950675293745,False,47,0.0,0.0,782.7230870353573,2.768359020852221,7.026291931097001,35.59895074322355,46.93617021276596
2082640,Santa Casa De Caridade E Maternidade Ibitinga,Filantrópico,4.818737337976062,False,66,13.636363636363637,2.0964360587002,1210.2115052410925,2.9054507337526205,7.4213836477987405,66.6137947608748,72.27272727272727
2082659,Santa Casa De Nova Granada,Filantrópico,4.4554795598886905,False,31,0.0,0.0,390.5886395511927,2.908835904628331,1.54277699859747,54.98895271763146,69.0
2082667,Santa Casa De Monte Aprazivel,Filantrópico,20.760635720693987,True,30,0.0,0.0,489.7441040100247,2.2534461152882206,1.2844611528822,65.68949771689498,106.4
2082691,Santa Casa De Andradina,Filantrópico,2.529196318405482,False,67,14.925373134328359,0.1463700234192,1059.2461797423937,4.142564402810304,8.548009367681491,68.01730353280462,50.985074626865675
2082721,Hospital E Maternidade Sotero De Souza,Filantrópico,1.1029233426642295,False,70,11.428571428571429,0.0208550573514,983.8204171011498,3.996663190823775,5.56830031282586,84.68404772425983,68.5
2082748,Hospital Angatuba,Filantrópico,5.653754401296498,False,54,0.0,0.0,405.08094349972527,3.242457487657707,4.99177180471749,29.9898528665652,33.75925925925926
2082810,Conderg Hospital Regional De Divinolandia,Filantrópico,17.200646642256988,False,186,0.0,2.56904303147077,1499.7108991650612,7.744059087989724,0.69043031470777,71.04139048460745,33.483870967741936
2082829,Hosp Mun Professor Doutor Alipio Correa Netto,Direta,4.78880926126985,False,256,17.1875,2.30655341697186,1525.140991194581,6.757889815319879,5.774175952622141,112.0754716981132,50.12890625
2082845,Santa Casa De Olimpia,Filantrópico,3.182023060547834,False,53,9.433962264150944,0.025310048089089997,1047.6900354340696,4.373070108833207,5.89724120475828,98.61872146118722,74.54716981132076
2082853,Hospital Major Antonio Candido Batatais,Filantrópico,2.3290446344979436,False,108,6.481481481481482,1.99572344975053,1247.2487194107898,3.8474697077690654,5.2981705868377205,43.92784483927845,38.97222222222222
2082861,Hosp Municipal De Urgencias Hmu,OSS,4.106520189688463,False,109,9.174311926605505,0.16914749661705,1093.3989817320737,5.910182679296346,9.4891745602165,96.69572436695724,54.23853211009175
2082888,Santa Casa De Rio Claro,Filantrópico,1.355843476041195,False,126,13.492063492063492,9.861111111111109,1722.6007884615417,4.08707264957265,5.49145299145299,96.15432952117632,74.28571428571429
2082926,Casa De Saude Stella Maris,Filantrópico,4.97930541962519,False,121,24.793388429752067,0.01344266702513,1430.5596800645196,4.923780077967469,6.2911681677644795,110.27547794671082,61.47933884297521
2083019,Unidade Integrada De Saude De Mirandopolis,OSS,2.9079071395172864,False,100,10.0,0.0,994.348678968954,4.29203280609256,7.2349150556531905,44.60578386605784,34.14
2083027,Santa Casa De Misericordia De Pereira Barreto,Filantrópico,12.244157724501003,False,48,0.0,0.0,485.8967965367951,3.0476190476190474,7.2510822510822495,16.073059360730593,19.25
2083051,Santa Casa De Aparecida,Filantrópico,3.9086388436539714,False,58,15.517241379310345,8.16663229531862,1399.9768323365695,3.0552691276551864,4.45452670653743,82.83477774671512,83.60344827586206
2083086,Hospital Amaral Carvalho Jau,Filantrópico,19.641243960534066,True,244,10.245901639344263,59.471514496181655,3558.0882874907115,4.097654930053389,5.89308643643981,75.85288046537812,60.64344262295082
2083094,Hospital Regional De Assis,Direta,4.112613674794357,False,124,17.741935483870968,9.200253217978469,1811.9531926566813,5.499894492508968,10.614053597805439,70.00805801772763,38.21774193548387
2083116,Santa Casa De Marilia,Filantrópico,11.021435451931628,False,107,28.97196261682243,41.80038510911424,4325.217678112972,4.765404364569961,7.2689345314505704,107.05839942321558,58.242990654205606
2083140,Irmandade Da Santa Casa De Misericordia De Santa Isabel,Filantrópico,2.2943747301101354,False,42,14.285714285714286,0.0,1249.5776897374728,5.676849642004774,7.01670644391408,90.50989345509892,49.88095238095238
2083175,Santa Casa Piedade,Filantrópico,5.418154572826314,False,60,0.0,0.0,460.0692322964922,3.1671078755790867,7.213765718067499,43.70319634703196,50.36666666666667
2083604,Santa Casa De Avare,Filantrópico,0.5563771454991956,False,145,13.10344827586207,2.9153298925931,1648.9221871948685,4.417491979355559,5.21690612358766,68.8606218743205,49.44137931034483
2083876,Santa Casa De Misericordia De Francisco Morato,Filantrópico,10.314468529749226,False,85,0.0,0.01268874508311,465.4348382184993,3.073340946580384,3.76855728968405,78.0692989524577,92.71764705882353
2083981,Hospital Estadual Sumare,OSS,2.2940362727871184,False,211,17.061611374407583,2.54185692541856,2065.46270776256,4.665525114155251,3.87366818873668,95.97651663405088,62.274881516587676
2084058,Santa Casa Miser Stacruz Rio Pardo,Filantrópico,6.1920470284561215,False,82,24.390243902439025,0.0,1315.690659418573,3.673363271094304,4.77428503899787,68.67874502872293,51.59756097560975
2084163,Hospital Estadual De Diadema Hospital Serraria,OSS,2.131458434083102,False,270,12.222222222222221,11.03588354773189,1891.4668263371743,4.903943805010155,2.7843601895734498,66.98456736604821,43.762962962962966
2084171,Hospital E Maternidade Sao Jose,Filantrópico,2.298844501376683,False,83,16.867469879518072,7.537764350453171,1686.2630725075585,3.561178247734139,4.53172205438066,93.60730593607306,79.75903614457832
2084228,Santa Casa De Misericordia Dona Carolina Malheiros Sjbv,Filantrópico,2.8961737291296017,False,105,17.142857142857142,12.35623251476531,1819.1059138949308,4.183711532483681,9.15449176251165,84.7677531097465,61.27619047619048
2084414,Santa Casa De Ribeirao Preto,Filantrópico,1.9989645740328932,False,192,17.1875,13.92241963922419,2222.1591278990863,4.239251322392513,5.17428455174284,107.71431032997327,76.80208333333333
2084422,Santa Casa De Sao Pedro,Filantrópico,10.592639890683433,False,58,17.24137931034483,2.4185823754789197,1395.67578065134,1.7720306513409962,2.84961685823754,42.23744292237443,72.0
2084473,Hosp Mun Ignacio Proenca De Gouvea,Direta,4.477334001078114,False,106,15.09433962264151,0.01438228102977,841.4375377534888,5.392780094923054,5.72414784984898,114.14307458143077,65.59433962264151
2085194,Hospital Sao Francisco De Assis,Filantrópico,8.078213465611409,False,85,23.529411764705884,25.71379428964568,1999.7481166150644,3.679394564843481,4.4203646370828995,90.16649104320337,68.4
2087057,Hospital Dos Fornecedores De Cana De Piracicaba,Filantrópico,1.8144176473029603,False,144,18.75,18.799922072861868,2320.076972530682,4.0359438924605495,5.4743814533411195,97.02142606252195,71.29166666666667
2087103,Sociedade Operaria Humanitaria Limeira,Filantrópico,1.6491453807371679,False,50,16.0,0.06747638326585,1151.9070580296925,3.638326585695007,6.17408906882591,70.3457273320287,59.28
2087111,Irmandade Da Santa Casa De Misericordia Lorena,Filantrópico,2.4964782298867636,False,111,19.81981981981982,0.10158472165785999,1626.800335229579,4.815725314912637,5.87159691182446,72.96598430044637,44.34234234234234
2087219,Hospital De Clinicas Campo Limpo Paulista,OSS,1.6467193193201815,False,64,15.625,0.0,946.5984111245466,3.410640870616686,5.34461910519951,71.55251141552512,64.609375
2087715,Hospital E Maternidade Municipal Governador Mario Covas,OSS,0.6392062762279656,False,91,10.989010989010989,0.01720578114246,857.9921576049567,3.7663454920853408,5.230557467309009,74.04025029595806,63.86813186813187
2087804,Hospital Regional Jorge Rossmann De Itanhaem,OSS,1.3641802932244214,False,173,15.606936416184972,0.03355704697986,1258.458221476512,4.373825503355705,5.58724832214765,97.8344905235504,68.90173410404624
2088193,Irmandade Da Sta Casa De Misericord De Mogi Mirim Mogi Mirim,Filantrópico,6.199980397203256,False,74,27.027027027027028,11.77467972871137,1906.4461303692524,3.850037678975132,7.629992464204969,103.6834094368341,71.72972972972973
2088487,Santa Casa De Novo Horizonte,Filantrópico,3.264601485939434,False,49,16.3265306122449,0.0,1368.8733636004729,3.1954204500592183,5.76391630477694,54.08620113598396,51.69387755102041
2088495,Instituto Dante Pazzanese De Cardiologia Idpc Sao Paulo,Filantrópico,65.01797643040425,True,369,22.493224932249323,62.08376380831281,10805.459792577252,6.8137169196535,5.3087499006596195,82.131430213622,34.10027100271003
2088525,Santa Casa De Miguelopolis,Filantrópico,9.308497586015683,False,51,0.0,0.0,482.2669608735201,3.179253867151956,2.4567788898999,18.769809293580447,21.54901960784314
2088576,Hosp De Transplant Do Est De Sp Euryclides De Jesus Zerbini,OSS,10.978710920623593,False,168,12.5,37.72692265375729,2108.072729673232,3.4159973594454835,2.43151061722961,57.86599571335383,54.101190476190474
2089327,Hospital Padre Albino Catanduva,Filantrópico,2.714359680818652,False,142,20.422535211267604,22.90054456864431,2894.849902550864,3.8566924620235024,4.81513327601031,97.87368165838284,73.71126760563381
2089335,Hosp Escola Emilio Carlos Catanduva,Universitário,5.019790061242511,False,142,7.042253521126761,0.8393461934913801,1172.9305271683124,6.361507878073922,10.27830952731556,89.66583644665836,47.82394366197183
2089785,Hospital Do Rim E Hipertensao,Filantrópico,52.97656545432282,True,146,10.95890410958904,90.72190523443314,8899.511096502107,5.541304887124783,0.71942446043165,94.14963119072708,55.21917808219178
2090236,Fundacao Pio Xii Barretos,Filantrópico,25.701474008205153,True,231,11.255411255411255,57.16984101999055,2954.0996809906105,4.580985361246655,7.6709166273151705,116.68426328098896,82.50649350649351
2090961,Hospital Carlos Fernando Malzoni Matao,Filantrópico,2.5474433219182697,False,122,22.131147540983605,15.50818195466146,2829.5904083470964,4.197868187959766,6.20027022969524,80.64023071377073,54.59836065573771
2091267,Santa Casa Santa Rita Do Passa Quatro,Filantrópico,5.565447019659024,False,20,0.0,0.0,499.67780241935446,2.8225806451612905,6.653225806451609,38.35616438356164,49.6
2091313,Hospital Regional Sul Sao Paulo,Direta,5.915756141997901,False,209,14.832535885167465,0.9866617942627399,1589.9574894938844,7.288689932395395,5.79207016261648,61.39910728028321,26.1866028708134
2091399,Associacao Nossa Senhora Do Pari,Filantrópico,36.57686032726255,True,53,9.433962264150944,16.05,2553.4695333333343,1.622,0.18333333333333,55.54794520547945,113.20754716981132
2091585,Hospital Estadual De Sapopemba Sao Paulo,OSS,2.5313588461700913,False,167,17.964071856287426,0.11434669919195,1130.7746912639134,3.8078213142247295,4.6043604207958495,99.89201079892013,78.55089820359281
2091755,Hospital Geral De Vila Penteado Dr Jose Pangella Sao Paulo,OSS,5.0834131766963955,False,154,22.727272727272727,7.65771553385584,1246.1275253758197,5.499421816780162,8.31298984967236,98.542649936687,50.53896103896104
2092611,Santa Casa De Barretos,Filantrópico,3.5770194856877247,False,242,20.66115702479339,13.94496906545099,3560.671770595897,5.499592966460436,6.47183327906219,96.39982876712328,50.760330578512395
2093324,Santa Casa De Fernandopolis,Filantrópico,1.898627180248798,False,93,9.67741935483871,2.0511296076099796,1217.212862663493,3.441736028537455,5.2615933412604,75.52511415525115,72.34408602150538
2093332,Santa Casa De Santa Fe Do Sul,Filantrópico,0.9712758888674985,False,67,13.432835820895523,0.21534320323014,1171.3874454912525,4.476177658142665,4.54912516823687,78.54983467170524,55.44776119402985
2096412,Santa Casa De Misericordia De Jacarei,Filantrópico,0.8805467293953932,False,152,13.157894736842104,0.64339330394376,1407.8007923269386,4.547956630525438,7.06541165256761,79.2258198422582,55.2171052631579
2096463,Santa Casa De Mogi Guacu,Filantrópico,0.9102452980233723,False,131,17.557251908396946,5.72021339656194,1907.9741360403088,4.841879075281565,5.36455245998814,82.88432267884323,51.51145038167939
2097613,Hospital Infante D Henrique,Filantrópico,21.5220474535808,True,13,15.384615384615385,1.4388489208633,2073.375971223022,8.589928057553957,9.35251798561151,29.73848069738481,10.692307692307692
2097877,Irmandade Da Santa Casa De Misericordia De Valinhos,Filantrópico,3.26468077406899,False,70,15.714285714285714,0.0,1486.618393972013,4.971797631862217,7.72874058127018,107.23937775713954,66.35714285714286
2688433,Complexo Hospitalar Santa Casa Braganca Paulista,Filantrópico,19.630039276657424,True,64,6.25,16.18809821057012,894.9085518102394,2.7308919406297685,4.85504230822582,89.89497716894977,112.640625
2688573,Hospital Geral De Vila Nova Cachoeirinha Sao Paulo,Direta,3.735972355560915,False,193,15.544041450777202,0.34610630407911,1205.8141619283108,7.264771322620519,8.689740420271939,98.78477182956551,41.917098445595855
2688689,Santa Casa De Sao Paulo Hospital Central Sao Paulo,Filantrópico,44.15831411207083,True,1062,8.474576271186441,20.50563895735305,2754.374895436549,5.982597654791246,5.22443797146911,45.15530751451604,25.214689265536723
2698374,Hospital De Misericordia Nossa Senhora Aparecida,Filantrópico,8.082242510030932,False,41,0.0,0.0,374.12646093749976,2.9453125,0.546875,25.19211493484798,31.21951219512195
2698471,Secao Hospital Municipal Dr Arthur Domingues Pinto,Direta,30.455192267262454,True,69,10.144927536231885,0.0,1716.728474331164,10.770788141720896,4.98915401301518,65.82412726469289,20.043478260869566
2699915,Santa Casa De Vinhedo,Filantrópico,12.840440878633014,False,63,0.0,0.13540961408259,1002.7494989844272,3.2342586323628977,5.12863913337847,83.09632528810612,93.77777777777777
2702193,Santa Casa De Misericordia De Ubatuba,Filantrópico,3.4427955950925933,False,84,0.0,0.04030632809351,591.93827891979,2.912535268037082,2.92220878677952,47.13633398564905,59.07142857142857
2704900,Hospital Universitario Sao Francisco Na Prov De Deus,Universitário,1.7153502568525414,False,169,20.71005917159763,15.94370713458626,2727.778480448918,4.123363320566492,5.93212790594103,94.6493559599264,66.4319526627219
2705222,Santa Casa De Mococa Mococa,Filantrópico,3.169925873096049,False,100,18.0,0.15060240963854998,1108.344661144581,3.433734939759036,6.34412650602409,60.94219846308052,53.12
2705982,Santa Casa De Franca,Filantrópico,3.2048171136225494,False,323,17.647058823529413,12.34100752222475,2687.378515158414,4.821472532482334,7.00250740825165,108.92882892161911,67.91021671826626
2708779,Santa Casa De Sorocaba,Filantrópico,4.0001957317602415,False,265,21.132075471698112,6.68863664103503,1744.685086659346,5.265836689857196,9.1846698401074,113.11004784688996,61.83396226415094
2716097,Complexo Hospitalar Irma Dulce O S S,OSS,3.741773855721886,False,241,20.74688796680498,0.19627085377821002,1243.317016683026,5.451422963689892,5.62315996074582,79.68156063974754,42.28215767634855
2745798,Hospital Beneficente Santo Antonio Orlandia,Filantrópico,6.650241082653247,False,60,0.0,0.0389711613406,465.2967770849566,1.6441932969602495,1.87061574434918,19.264840182648403,42.766666666666666
2748029,Santa Casa De Sao Jose Campos,Filantrópico,16.285309627099483,False,127,25.984251968503937,52.1351179094965,4655.043462077761,5.11459528362014,4.117272147864879,116.94549693966772,61.77165354330709
2748223,Hospital Das Clinicas Da Faculdade De Medicina De Botucatu,Universitário,6.189206981095403,False,518,14.285714285714286,20.57974077204846,3160.4531649760456,5.735700197238659,5.61425753733446,100.48623966432186,54.810810810810814
2748568,Santa Casa De Capivari,Filantrópico,3.765692531293814,False,68,10.294117647058824,0.03709198813056,1123.8854228486664,3.300445103857567,6.60237388724035,39.96406916685381,39.64705882352941
2749319,Hospital Municipal Universitario De Taubate,Universitário,2.9085374988753165,False,206,16.50485436893204,2.62559672652875,1845.8193089338436,5.4930666060468285,3.2280063650829702,76.97992991398534,42.70873786407767
2750511,Hospital Estadual Dr Odilo Antunes De Siqueira P Prudente,OSS,4.62582018041778,False,51,7.8431372549019605,0.0,1082.2732764019358,3.914602903501281,0.65471107315684,80.16321772078112,68.88235294117646
2750546,Hospital Estadual Porto Primavera Rosana,OSS,9.21971321343923,False,72,0.0,0.0,546.5606656394442,6.178428351309707,2.80431432973805,76.28995433789954,45.06944444444444
2750988,Santa Casa De Dracena,Filantrópico,7.701880801019687,False,128,15.625,0.029779630732570003,1889.238165574746,5.354675402025015,10.81000595592614,45.61390157280568,26.234375
2751003,Santa Casa De Junqueiropolis,Filantrópico,9.859526089974276,False,25,0.0,0.0,468.7049262295081,6.272950819672131,3.93442622950819,83.86849315068493,48.8
2751038,Santa Casa De Presidente Epitacio,Filantrópico,4.39501417606931,False,68,0.0,0.0,574.4954288531046,3.300361485376273,5.75090371344068,40.463336019339245,44.75
2751046,Santa Casa De Santo Anastacio,Filantrópico,3.643313920381269,False,37,0.0,0.0,380.9408262511792,3.0561850802644,1.6525023607176499,47.93039614957423,57.24324324324324
2751623,Hospital Francisco Rosas,Filantrópico,2.209678971677266,False,55,18.181818181818183,0.0,1592.4713197383617,4.717198922662562,7.1181223547518195,74.64231354642314,47.25454545454546
2751704,Santa Casa De Misericordia De Ituverava,Filantrópico,1.8383555123315363,False,70,12.857142857142858,1.6120644825793,1563.355119604783,4.014560582423297,7.436297451898071,69.3465079721536,54.94285714285714
2754843,Hospital Santo Amaro,Filantrópico,4.2458472973320545,False,212,23.11320754716981,5.3498600559776,2018.2367676929232,5.591923230707717,6.26149540183926,117.53424657534246,58.985849056603776
2755092,Santa Casa De Pindamonhangaba,Filantrópico,2.615609203161612,False,161,16.770186335403725,0.10289578127296001,1294.0531089225378,4.939879464941938,3.71894752315155,68.7098752811286,42.254658385093165
2755130,Hospital Domingos Leonardo Ceravolo Presidente Prudente,OSS,7.963329297103435,False,444,11.26126126126126,22.785650283742072,1776.7615999070783,4.999701324129692,4.44031460525005,104.76044781308671,67.86711711711712
2758245,Santa Casa De Lins,Filantrópico,2.5241419680981805,False,88,18.181818181818183,2.0401281402798803,1107.461222390831,3.3955488113302983,6.2046872365537,76.6324200913242,67.39772727272727
2765934,Hospital De Clinicas De Sao Sebastiao,Filantrópico,1.086411526749441,False,75,9.333333333333334,0.11088933244621,1059.6796917276583,3.972277666888445,3.39321357285429,72.16357775987107,60.12
2765942,Hospital Santa Lucinda Sorocaba,Universitário,5.074089640948574,False,102,10.784313725490197,16.84592145015105,2369.739403021151,3.155045317220544,1.18429003021148,78.60304079482162,81.12745098039215
2772310,Santa Casa De Piracicaba,Filantrópico,1.987943065648334,False,193,18.65284974093264,13.416621401412272,2887.08413750291,4.053076744005587,4.981764568945439,91.14736933949916,66.7720207253886
2774720,Hospital De Agudos,Filantrópico,6.810221388277522,False,28,0.0,0.0,495.6075061324596,1.8405560098119376,0.0,22.025440313111545,43.67857142857143
2784602,Hospital Augusto De Oliveira Camargo,Filantrópico,3.5854875291449293,False,224,16.071428571428573,6.406176639365641,1227.5052944858912,3.632949032291721,3.87083311596849,101.48644709997086,85.57589285714286
2785188,Unidade Mista De Saude De Taboao Da Serra,Direta,4.59910350155545,False,66,0.0,0.0,502.00335797905024,4.889402341343192,6.96241528034504,65.88210875882109,49.18181818181818
2785382,Santa Casa De Pirassununga,Filantrópico,3.0921683162979763,False,65,9.23076923076923,0.0,1234.1493435858977,4.604276069017255,8.81470367591897,57.00023218017181,41.01538461538462
2786435,Hcsvp Hospital Sao Vicente,Filantrópico,15.543624647982714,False,256,23.4375,14.8596766344022,2075.004563889048,6.232790785702698,8.21932623154707,161.1168577019849,72.23828125
2786680,Hosp Mun Fernando Mauro Pires Da Rocha,Direta,6.098419164084442,False,286,20.97902097902098,4.41570026761819,2083.921971454066,7.344335414808207,6.4005352363960695,119.7672445144866,47.03496503496503
2790556,Hospital De Base De Bauru,OSS,2.1959249459318175,False,175,16.0,7.55334882738221,2436.696056412424,5.430276780054934,4.75385590534544,95.8028142763955,54.09142857142857
2790564,Hospital De Reabilitacao De Anomalias Craniofaciais Bauru,Direta,43.06179277906822,True,39,0.0,70.89910775566231,3223.653761153057,1.356897735072066,0.06863417982155,13.888303477344571,37.35897435897436
2790580,Maternidade Santa Isabel,OSS,7.0505311888915685,False,85,20.0,0.0,945.2608272283284,3.5651709401709404,0.35103785103785,94.11361804995973,77.08235294117647
2790602,Hospital Estadual Bauru,OSS,5.600472040552923,False,319,10.9717868338558,21.3903743315508,1874.9806056600307,6.098179414768972,5.32355945442528,97.90854717345168,52.172413793103445
2790610,Hospital Geral Prefeito Miguel Martin Gualda De Promissao,Direta,0.7367402497928955,False,74,13.513513513513514,0.024324981756259998,1123.0437849671673,3.9525662855752857,4.59742155193383,69.55907534246575,55.554054054054056
2790637,Hospital Santa Luzia Duartina,Filantrópico,5.34919747988659,False,35,0.0,0.0,292.3046924829161,1.7420273348519362,3.35990888382687,23.945205479452056,50.17142857142857
2790734,Instituto Lauro De Souza Lima Bauru,Direta,27.107404261686913,True,25,0.0,0.0,308.2171003717471,8.063197026022305,0.37174721189591,23.76986301369863,10.76
2791676,Santa Casa De Bariri,Filantrópico,4.253111368381296,False,49,0.0,0.0,477.68738902147896,3.094033412887828,4.63007159904534,36.2426614481409,42.755102040816325
2791692,Santa Casa De Dois Corregos,Filantrópico,6.203284850145756,False,47,0.0,0.0,501.0923904052943,3.937965260545906,4.46650124069478,27.752841737102884,25.72340425531915
2791722,Santa Casa De Jau,Filantrópico,4.2977908479703855,False,193,22.27979274611399,3.26635314236853,1666.0376998717377,5.487473279179136,6.17357845233005,117.2164383561644,60.59585492227979
2791749,Santa Casa De Pederneiras,Filantrópico,4.6902001332312775,False,64,15.625,0.0,1055.324017812962,4.424047501237012,7.669470559129141,45.36276002029427,31.578125
2792141,Hospital Regional De Cotia,OSS,2.9506465481689617,False,165,15.757575757575758,6.595995288574789,1032.8980381330964,3.959952885747939,5.219375736160179,106.02542623435498,82.32727272727273
2792168,Hospital Geral De Carapicuiba,OSS,2.098763222223038,False,241,16.182572614107883,2.1223241590214,1204.270033639143,3.62262996941896,3.3272171253822598,80.3336498033365,67.84232365145228
2792176,Hospital Geral De Itapecerica Da Serra,OSS,3.65934332399869,False,200,17.0,14.01748971193415,1231.74039544753,3.9424511316872426,5.75488683127572,101.19326621554713,77.76
2798298,Santa Casa De Misericordia De Sao Jose Do Rio Preto,Filantrópico,5.205221131904958,False,243,18.51851851851852,14.012862047289781,2027.764634205315,3.1219476814467386,4.86920361684638,89.33859139338591,85.10699588477367
3012212,Hu Hospital Universitario,Universitário,5.015854817566018,False,128,17.1875,0.0,1029.1601012551412,3.430967197553001,0.44299124564919,84.07598862755233,74.0703125
3021378,Hospital Do Vicentino,Direta,3.1597841307169228,False,105,17.142857142857142,0.503663003663,2118.649901556781,6.047161172161172,9.24908424908425,83.18060148008188,41.6
3028399,Hospital Estadual Prof Carlos Da Silva Lacaz Fco Morato,OSS,7.818795998419962,False,106,27.358490566037737,0.0,1568.6969048480466,5.490593342981187,5.48118668596237,107.9950186799502,52.15094339622642
3126838,Hospital Regional Do Vale Do Paraiba,OSS,3.6935318552644496,False,213,18.309859154929576,30.961309796030367,3287.8585539193373,4.6462087258757885,7.65572121101253,79.98267989293025,51.328638497652584
3139050,Hospital Dr Leo Orsi Bernardes Itapetininga,OSS,3.182582483292316,False,191,9.424083769633508,0.009582215408202376,1074.6480825987005,5.834610962054427,8.46109620544269,96.42885422440416,54.638743455497384
3212130,Hosp Mun Ver Jose Storopolli,OSS,1.7598788895074309,False,181,11.049723756906078,0.85106382978723,883.475484719536,4.2990328820116055,4.27079303675048,94.55458180889984,71.40883977900552
3774554,Hospital E Maternidade Municipal N S Do Monte Serrat,OSS,2.6299553614634994,False,126,7.936507936507937,0.01688333614722,805.5755529292602,2.9907141651190274,5.31825088637514,41.83750590458195,47.007936507936506
4049020,Santa Casa De Ourinhos,Filantrópico,2.0993776030032323,False,142,19.718309859154928,10.70117828858412,1926.9715317751536,4.25748502994012,6.8669113386130896,105.9408795962509,72.91549295774648
5200105,Hospital Municipal Pimentas Bonsucesso Manuel De Paiva,OSS,2.727571710508355,False,147,16.3265306122449,0.31945236737022,1253.9791066742732,5.43342840844267,8.49971477467199,106.07862790956676,59.625850340136054
5366828,Santa Casa De Atibaia,Filantrópico,2.936648326654032,False,72,8.333333333333334,0.0,974.3918544652706,4.655788313120176,8.26901874310915,87.64632627646326,62.986111111111114
5420938,Hosp Mun Carmen Prudente,OSS,2.293645081286408,False,224,13.392857142857142,0.51494599346897,868.669937829693,4.5198442602361215,4.52147701582517,101.64383561643837,71.08928571428571
5718368,Hosp Mun M Boi Mirim,OSS,5.421527725617775,False,279,14.336917562724015,0.044379891874440004,703.8615044783328,3.804728475752441,4.5106108286936095,108.1033988651344,88.83870967741936
5860490,Hospital Universitario De Marilia,Universitário,4.1839584181179665,False,154,24.675324675324674,6.877377816798361,1988.9338132865155,5.188176763242611,5.89698565993561,83.74114312706661,44.37662337662338
5935857,Hospital Municipal De Emergencias Albert Sabin,OSS,2.220667232823438,False,84,10.714285714285714,0.0,931.1778731529164,3.4821517516187948,6.624605678233431,76.61369863013698,71.70238095238095
6020917,Hospital Da Mulher Maria Jose Dos Santos Stein,OSS,8.465976208345253,False,123,22.764227642276424,0.0,1448.7674258054285,3.571655292810665,0.50785589588954,64.90266762797404,51.22764227642276
6095666,Hospital Municipal De Barueri Dr Francisco Moran,OSS,3.6484306001715656,False,301,12.956810631229235,9.0219489205081,1069.4748942950764,3.5991741101485704,2.68863054894743,83.85025619575447,74.01661129568106
6123740,Instituto Do Cancer Do Estado De Sao Paulo,Universitário,13.191481098723115,False,525,16.19047619047619,25.35609975286452,2277.694634014828,7.031363738485734,11.736688384632659,97.43648816936488,42.39047619047619
6164366,Hospital Estadual Americo Brasiliense,Direta,13.372917123396116,False,76,13.157894736842104,29.230512991339108,1050.0919953364448,2.834110592938041,2.6815456362425003,70.63511830635119,79.0
6236596,Hospital Estadual Joao Paulo Ii Sao Jose Do Rio Preto,OSS,7.9603674315476685,False,94,8.51063829787234,2.37725295214418,1225.3160829707886,1.5755127408328151,0.51274083281541,32.303281299777,68.46808510638297
6878687,Hospital Estadual Dr Albano Da Franca Rocha Sobrinho,OSS,12.141735386175153,False,173,11.560693641618498,15.09523246184786,1366.2755566071228,7.881462202768248,6.61303679167159,119.29805712239234,48.861271676300575
6966594,Hospital E Maternidade Municipal De Sao Vicente,Direta,11.277786265147764,False,36,0.0,0.0,470.2724358974355,3.858333333333333,0.28846153846153,91.61339421613394,86.66666666666667
7320175,Hospital Sao Miguel Arcanjo,Filantrópico,20.343667657216272,True,79,0.0,0.0,534.4633052495138,9.416072585871678,7.06416072585871,50.38668285070227,19.531645569620252
7373465,Hospital De Clinicas Municipal,OSS,6.055029021513671,False,277,21.660649819494584,12.14438468018923,3683.846656729975,5.574233685438403,4.61408852310284,108.59920459566946,55.707581227436826
7473702,Hosp Mun De Mogi Das Cruzes Pref Waldemar Costa Filho,OSS,3.983297770317902,False,76,13.157894736842104,0.0,1001.8932935599876,3.239620791108205,1.5527950310559,82.27480282274803,80.5
7573162,Hospital Regional De Jundiai,OSS,6.038927463446651,False,136,11.764705882352942,1.38348022135683,902.0828018036484,2.1670424267267885,1.2092641934822699,48.278538812785385,71.75
7580770,Hospital Estadual De Caieiras,Direta,4.236236789729304,False,52,11.538461538461538,0.0,808.5134843982185,2.9810549777117386,0.26002971768202,47.79630732578916,51.76923076923077
7711980,Hosp Mun Gilson De Cassia Marques De Carvalho,OSS,5.430538214105561,False,178,22.471910112359552,22.66236185272569,2700.875497330178,6.7633180181298895,8.48131131255432,108.12983918999404,45.241573033707866
