cnes,rede,CP1,CP2,CP3
8028,OSS,0.5405349368501494,-1.0863478250995255,-0.990213456828051
8036,Direta,-1.3502180689152579,-0.030539066213627654,0.8579757064841378
8052,Direta,1.7382351871805053,-2.700243992410619,0.3590214471067903
8923,OSS,0.9348237312177684,-0.01847927352668772,-0.17475670711899008
9601,Filantrópico,2.4579104554111604,1.2272219743382802,0.6340946083072568
9628,OSS,0.6439749930241061,1.281088898927251,-0.7047080004489206
2022621,Filantrópico,-0.3223922566038394,1.8557721211998732,-0.810585910193636
2022648,Filantrópico,1.690747274874105,-3.6323265763314962,-1.9991005851673271
2023016,Filantrópico,-2.2643480716245175,0.21233393467874298,0.18664029262862636
2023474,OSS,-1.0119359806932318,-0.678779311930031,0.49823744331761605
2023709,Filantrópico,-0.13043762263654216,1.8754484543300403,-1.2828405389041613
2024691,Filantrópico,0.6060625515893248,-0.22138563919824214,-1.3528802170803051
2024756,Filantrópico,-0.35793508179171285,-0.8520671602897263,-0.6402557770552086
2025361,OSS,5.0234663239223245,-2.996690760230553,-1.726846856675699
2025477,Filantrópico,-1.2283970172710685,-0.45996709199539026,-0.07729427625041414
2025507,Universitário,1.472108675843171,-0.0403695637863465,0.10749316730137072
2025752,Filantrópico,1.9816040010331661,-0.16359957440679374,0.383729665291034
2026805,Filantrópico,-2.742571741042291,-1.4244584626917993,1.453989846579796
2027186,Filantrópico,0.7087899578012758,1.2318650623698884,-1.174246159781203
2027356,Universitário,-0.03191546136891372,1.5566184488205275,-0.11076347022291215
2028204,Filantrópico,0.6021911071027606,-0.3458805307936777,-0.671626461446535
2028239,Filantrópico,-2.4615185218546394,-1.803478477076124,1.0141073557540174
2028840,Direta,3.0259837573168626,-3.5380738924278443,1.2160414097203405
2040069,Filantrópico,-0.5409053406648878,1.0371837731791385,-0.32768445306967475
2058308,Direta,-1.5086283438466572,-2.743378708791259,0.4113431768408052
2065665,Direta,-1.4159727777925841,0.7717441982467169,0.37601188045948897
2066092,OSS,0.7236366697299768,0.07957828223666644,-1.05212650388478
2066572,Direta,1.3139337532033517,-3.7746467137720456,-0.6599186523867387
2069776,OSS,0.5803587370008306,-0.44661229724130447,-1.037328947287788
2071568,Universitário,8.123994407000243,1.400130945661115,2.79598638319778
2075717,Direta,-0.8617773995562442,2.5162644803543386,-1.0068004679637192
2075962,Filantrópico,-1.2635392753479586,1.7434336170480638,0.3353208414030375
2076896,Filantrópico,-1.8918592377795553,-0.49103024822369634,0.8004552653969625
2076926,Universitário,-0.4660119523347622,-0.2706423674583237,0.14657767195882168
2077388,Filantrópico,-1.8807684944528171,0.8505714174453257,0.5432407672342052
2077396,Universitário,3.5556332658194374,1.728270584262962,0.8062507300027115
2077426,OSS,0.7272266702957363,0.903145364193568,-1.3655859018690935
2077434,OSS,-0.0074407900039741,-0.032501165398582575,-0.24598751512723285
2077450,Direta,0.11977595903416097,-0.6139010420070754,-1.1969661275466796
2077477,Filantrópico,2.9473844291925997,1.1303269010082873,0.6880367476619038
2077485,Universitário,2.5232426731555497,0.17916704506588207,3.781832979701533
2077493,Direta,0.9536519223430668,-1.5241419048813358,-0.42619382048285764
2077523,Direta,0.3032046253441452,-1.547585935864926,0.4284605957577264
2077531,Filantrópico,1.5710292291673509,-1.9582916445162846,2.98152010855372
2077574,OSS,1.7784276022634289,-0.9010625002219019,-0.43172611107552694
2077582,Filantrópico,-1.0818076272969905,0.20078454841202698,-0.11173000970917478
2077590,Filantrópico,1.0723992672688774,0.41358306226664654,1.3944405766564518
2077620,OSS,0.5129746994042883,-0.8442911349763718,-0.6052196141544859
2077639,Direta,-0.4132553935418943,0.7729958169792659,-1.0593775632392497
2077647,Filantrópico,-0.34707190946526945,1.198235319273496,-1.4631456677435617
2077655,Filantrópico,-0.3353918937303515,1.3408448010902383,1.873556496278544
2077671,OSS,0.6937294286000582,0.31553247930671846,-0.9728679660220687
2077701,Direta,-1.0081361381370901,-0.3627987234868458,0.9749186793696998
2078015,Universitário,3.9520730308532923,0.3882709004255699,2.8860588302495893
2078074,Filantrópico,-1.0227999774076675,0.19424125681564836,-0.5940114474812878
2078104,OSS,-0.5774230877022308,0.5619343520530692,-0.2055340924913034
2078139,Filantrópico,-0.9128524264308926,-1.1659827907913998,0.4149195428591717
2078155,Filantrópico,-0.15718776258336975,1.346207983923,3.149293740645993
2078252,Filantrópico,-0.5981966926380751,-0.1449313657633961,-0.5126605805613592
2078295,Filantrópico,-1.447626359822644,-0.017280315931364008,0.12895670659254696
2078414,Filantrópico,-0.6491054949842668,1.275693272210782,-0.4966762150774747
2078465,Filantrópico,5.798631443732199,-5.388463922603966,-3.517261306363943
2078473,OSS,0.40729320477662534,-0.4709430150507657,-1.0253690208166775
2078503,Filantrópico,-0.4227197783521033,0.7729995136820934,-1.3191605720208448
2078511,Filantrópico,-1.1574137045568478,-1.185250945659143,0.4280211755561528
2078562,OSS,0.5967207224847886,-0.5329487517591297,-0.9454800319135194
2078775,Filantrópico,3.0190858066135267,-0.005646740299849227,-0.7854063735534303
2078848,Filantrópico,-1.1130412820904356,-0.08462162425931996,-0.35688936762885803
2079097,Filantrópico,-0.4330497850851104,-0.17779974955229372,-0.49501995229334733
2079135,Filantrópico,-1.0378925403644355,0.12618127540969692,-0.44313931831107306
2079186,Direta,0.08649854968415034,1.6837700110066027,-0.6798533676702044
2079232,Filantrópico,-0.09735359701366356,0.3008258348011943,0.04028127577693519
2079240,Direta,0.7655447160325358,-3.698548472917224,0.25072697871364824
2079356,Filantrópico,-1.4383010899552136,-0.7048607302422065,-0.03506163085520858
2079364,Filantrópico,-2.7519986172611413,-0.2903153487929038,0.8954280109410707
2079410,Direta,1.6962991361603843,-1.6836353049373736,-0.5581478207517535
2079593,Filantrópico,-1.9594968161199855,-0.7647468129871855,0.9776365010963876
2079615,OSS,-2.2658950306511896,0.13403394851039013,0.23684093401638207
2079704,Filantrópico,-1.3982113489254342,0.2648100309800896,0.14671957267611832
2079720,Direta,1.3491586518783931,-0.7499886925274882,-0.0006754306609944293
2079798,Universitário,2.8141357871888704,0.5032825495232408,1.1262465908086166
2079828,OSS,0.20277617198956213,-0.06127239339566696,0.5034269501219137
2079836,Filantrópico,-0.6969878880436241,0.5285435331504356,-0.6206309069342291
2079860,Filantrópico,0.7351276741102104,0.7723678083771163,-2.012953015412025
2079895,Filantrópico,-0.2966733419649482,-0.18546004359480445,-0.719962254706977
2079925,Filantrópico,-2.0621468849451685,0.1773384265442156,1.2367256082778197
2080028,Direta,0.7738960720502472,-0.4584824805652172,-1.0007729711409816
2080044,Filantrópico,-1.137496523183977,-0.6677576236848927,0.4034445429724453
2080052,Filantrópico,-0.8732111456933978,1.5457507259677312,-0.12027202231212085
2080079,Direta,-0.524763049798493,-1.1789067684712093,0.38383859182667435
2080087,Filantrópico,-2.486542371951283,0.4752541353034482,0.08499226903755186
2080095,Filantrópico,-1.9035678204083564,-0.14199958401363708,-0.010985129067598973
2080125,Filantrópico,1.207340099498168,0.501621602586941,0.690179081256609
2080222,Filantrópico,-0.6436229307041105,-1.746755863304358,0.2601964656816129
2080273,OSS,2.4890970244197823,-0.21546427602653506,0.5656670028662422
2080281,Filantrópico,-3.0265946029668616,-1.7838034547573445,2.1563418677254336
2080338,OSS,0.9663650795392317,0.4488747685383457,-0.9696256828775256
2080346,Direta,3.2683002802472485,-3.0890340436010075,-0.6890760775611531
2080354,Filantrópico,2.1575663677467465,-0.867836094323844,-1.3701399836821677
2080400,Filantrópico,0.3857292764423343,1.2391188198007554,0.03776606058045267
2080478,Filantrópico,-3.0930476964327482,-1.3178718700630327,1.9293683744008883
2080532,Filantrópico,1.2081690637528242,0.6047714607136587,0.0040704758444326024
2080575,Filantrópico,4.577185232209971,0.17349260985690435,6.646918307186416
2080583,Direta,0.6875640156531924,-0.06350031068999734,-1.2445376754074078
2080664,Filantrópico,0.39184430550042604,0.20633423941925677,-0.598702630603897
2080680,OSS,1.3767539822741381,-0.5126447790913353,-0.06969420062546423
2080923,Filantrópico,-1.3363135644959543,-0.3399713590190595,0.3532217418009641
2080931,Filantrópico,0.9938534784751474,2.2368692455668295,-0.8526317581411579
2080958,Filantrópico,-2.5140527139688857,0.42505972976698786,0.1714540522929351
2081083,OSS,-0.7606288364705126,1.350916667115812,-0.5540548010263984
2081105,Filantrópico,-2.652025240806196,-1.5541493488301712,1.2612971570702236
2081164,Filantrópico,0.5878340563467733,-1.090949047682147,-0.6344801450305955
2081253,Filantrópico,0.4584289754688802,0.1407907617985777,0.1312275531875435
2081261,Filantrópico,-2.3778790510958796,0.07694566591393173,0.23714640894050815
2081350,Filantrópico,-2.3512231191869146,-1.1068759040176304,0.6366365297603498
2081377,Filantrópico,-0.03456423525027122,1.5883050327081627,-0.4769824751059455
2081458,Filantrópico,1.9083835025575315,1.4263046023338728,-0.32900939895586484
2081512,Filantrópico,0.9835057648908784,0.4496608915637938,-0.6180311085087751
2081555,Filantrópico,-2.6718631565290116,0.5839982857963456,0.3717915593629856
2081695,OSS,1.9285732946823866,-0.6022349168970625,-0.2686828904508039
2081814,Filantrópico,-1.9551776322270047,-1.6622832796874625,0.5204904409312722
2081873,Filantrópico,-1.5041232057608414,-0.02910240257269975,0.39943161332825866
2081970,Direta,0.9540555909584043,-1.5855234288656996,-0.2534811844828412
2082098,Filantrópico,-2.4240437498260667,0.6700906510509103,-0.017905058756560996
2082128,Universitário,1.940168393982457,1.2415246721209732,-0.08380525767228159
2082179,Filantrópico,-2.284461445311362,0.6546022617462991,1.2921849508556738
2082187,Universitário,2.313820762943374,1.194728240277248,1.5176186834531273
2082225,OSS,-0.06181178838250053,-0.965676632587643,-0.28582283572006895
2082322,Filantrópico,-1.128347281768192,0.44994747979750044,-0.6851865560288375
2082349,OSS,0.5416509873843462,0.11436171568740959,-1.117604477710829
2082519,Filantrópico,-0.7565130527492249,0.8429161727845782,0.08739696988422734
2082527,Filantrópico,1.3095710990913123,1.9835453742244546,0.41550180137649934
2082586,Filantrópico,-2.0533088478526738,-0.8279175849962372,0.1751640425274236
2082594,OSS,0.5998164661476837,-0.3774526849408993,-0.3317178348598825
2082632,Filantrópico,-2.237000353046557,-0.9634557071278097,0.5245449969676541
2082640,Filantrópico,-0.8142814564755619,0.578389799280758,-0.6663314473128403
2082659,Filantrópico,-2.6378960031627043,0.670496280775257,0.28559086768570735
2082667,Filantrópico,-2.7262375007261657,2.367369835006291,-0.45428550757602687
2082691,Filantrópico,-0.393407148845144,-0.6701579386973043,-0.7058794497389782
2082721,Filantrópico,-0.7152928495132443,0.4761151534487884,-0.8869122480209607
2082748,Filantrópico,-2.466127330740989,-1.4002356176856692,0.9540521968658214
2082810,Filantrópico,-0.5874944528265388,-1.4701029657357927,0.844440652723556
2082829,Direta,1.279185541371264,-0.41464059140785114,-1.041351914768137
2082845,Filantrópico,-0.5501338481219822,0.6567917892964155,-1.2680779948946173
2082853,Filantrópico,-1.3234115064326821,-1.0069145696803137,0.7242665331427129
2082861,OSS,0.24450179166308192,-0.9558229699409994,-1.3537685040835572
2082888,Filantrópico,0.16181234347363943,1.0601260758475473,-0.6210806889361803
2082926,Filantrópico,0.9283215292274906,0.49628914866307255,-1.5448491596429135
2083019,OSS,-0.9900319862664705,-1.513241233199994,0.28798387790216895
2083027,Filantrópico,-2.451889146558019,-2.307183383042501,1.2315852168119255
2083051,Filantrópico,-0.5433336532341011,1.6451935246735048,-0.6078576943433405
2083086,Filantrópico,1.840370386642087,1.141872047542721,2.4549919141864254
2083094,Direta,0.8913655275279181,-1.465591604844194,-0.3553572334107894
2083116,Filantrópico,3.1382419061628273,1.2067469303948228,0.6749673536588735
2083140,Filantrópico,0.09825860259183238,-0.6973593388734928,-1.0175981323774785
2083175,Filantrópico,-2.1115050793268124,-0.904805955834624,0.18169833176813796
2083604,Filantrópico,-0.28279201662630016,-0.300520499098599,0.06848006337139928
2083876,Filantrópico,-2.0130961583151152,1.4744690542531262,-0.7455347382838093
2083981,OSS,0.4879238177321509,0.690039120213675,-0.4328742997274919
2084058,Filantrópico,-0.17542915255216718,0.19713518566679195,-0.3955243690826845
2084163,OSS,0.08823338497359738,-0.19418448577422343,0.9624133310515776
2084171,Filantrópico,-0.05660470480415105,1.5223150318642522,-0.736766895665159
2084228,Filantrópico,0.630761541742531,0.09609107303067328,-0.6221208372722261
2084414,Filantrópico,0.9320428537217756,1.4731876669157455,-0.5821620783461959
2084422,Filantrópico,-1.5466603536943238,1.294064795894925,0.38164442049695085
2084473,Direta,0.2545099457098939,0.3665213220734721,-1.6047656719916812
2085194,Filantrópico,0.8664527867284533,1.5003938217432418,0.10823434997653576
2087057,Filantrópico,0.9185540189867857,1.2791451040872488,-0.1973748711025248
2087103,Filantrópico,-0.6456185179540405,0.11868758247831522,-0.5912029936817104
2087111,Filantrópico,0.16005999800053455,-0.5352015639144998,-0.3425397259195567
2087219,OSS,-0.8276446243374405,0.47029858587362117,-0.6244547604711473
2087715,OSS,-0.9551708700228535,0.2853408294492708,-0.5544635423109594
2087804,OSS,0.09012746984894311,0.668209362418335,-1.0806262515604488
2088193,Filantrópico,1.1650630148384946,1.169825447975982,-1.2136539356625466
2088487,Filantrópico,-0.8978036924089444,-0.13582004662885028,-0.025952758587124435
2088495,Filantrópico,5.975830468626701,0.507535618467832,4.5932102431902395
2088525,Filantrópico,-2.804566981865243,-1.6209191233399562,1.6940094151055018
2088576,OSS,0.10738458907166935,0.9253228883032797,2.0296736945935265
2089327,Filantrópico,1.2096614401432022,1.6516685169390155,0.10461359242018202
2089335,Universitário,0.3217343302530473,-1.5064690318687015,-1.1136367727084358
2089785,Filantrópico,4.36880094745025,2.286115512125156,5.2033720632712415
2090236,Filantrópico,2.3850399390073584,1.9510420470714454,0.7894484190048153
2090961,Filantrópico,1.0660522674946058,0.42299805746216795,0.20780887243708107
2091267,Filantrópico,-2.3772098349937254,-0.8336058982122814,0.35678014488398235
2091313,Direta,0.507431246731211,-2.0411589490854456,0.21271996592683
2091399,Filantrópico,-1.4644421039284081,3.4403977359244133,0.7432305257790544
2091585,OSS,-0.03803308329718011,1.3606294259618288,-1.219151525250373
2091755,OSS,1.171204993825566,-0.3731916986463581,-1.1211719715033583
2092611,Filantrópico,1.9772594705120055,0.09963116332203739,0.15742086933202162
2093324,Filantrópico,-0.924222181996018,0.72343542913105,-0.4949896102868819
2093332,Filantrópico,-0.5772212762419314,-0.0018896049334834375,-0.4647663912531796
2096412,Filantrópico,-0.08244820832195586,-0.30017026779288486,-0.5921913905182526
2096463,Filantrópico,0.38833269089058936,-0.051213168496344226,-0.22932506066960215
2097613,Filantrópico,0.49303420539426956,-3.72844706782829,0.4330348584495077
2097877,Filantrópico,0.41506104145954276,0.23497898286835808,-1.5635752622022243
2688433,Filantrópico,-1.0388231397276675,2.692219683933723,-0.8825775689732038
2688573,Direta,1.1009784943215923,-1.4659236105075624,-1.237612832081085
2688689,Filantrópico,2.223525377542524,-1.3600652091625627,2.840807328195936
2698374,Filantrópico,-3.01503047071257,-0.9065047530668886,1.6116444737777187
2698471,Direta,0.735646782983385,-3.187363116271795,-0.034477554888531894
2699915,Filantrópico,-1.6538143777669474,1.3886546699427769,-0.8969134434170699
2702193,Filantrópico,-2.4216536002185807,0.07935119708926486,0.5574357319583718
2704900,Universitário,1.1854586989911131,1.0351052382432455,-0.14014304006300976
2705222,Filantrópico,-0.5884900723327172,-0.11612945469979351,-0.3186551021597213
2705982,Filantrópico,1.6728434889573394,0.8316132657516299,-0.5086008979990573
2708779,Filantrópico,1.6548726984500222,0.16169612418832033,-1.3941835561491096
2716097,OSS,0.5695655402925665,-0.6512139559565449,-0.4428384111264529
2745798,Filantrópico,-3.226037329231053,-0.3552257804638507,1.52878603932463
2748029,Filantrópico,3.3067671003093646,1.8651212583270345,1.3348516833534543
2748223,Universitário,2.241959254046677,0.3346355843544691,0.6797238027334073
2748568,Filantrópico,-1.3452715553492403,-1.0078662964323,0.43730146836737177
2749319,Universitário,0.28385959839226227,-0.3916313884771942,0.2003322652048348
2750511,OSS,-1.4321049105721753,1.0100719458815817,-0.13305618208348163
2750546,OSS,-1.3171224423593915,-0.9885292261358205,-0.03937628732921782
2750988,Filantrópico,0.25882420587013377,-2.3225268701267345,0.032477835121849354
2751003,Filantrópico,-1.2248682002032132,-0.9600984086588435,-0.4560432448223851
2751038,Filantrópico,-2.1850389966680126,-0.9829861706609098,0.5395834599983979
2751046,Filantrópico,-2.6536525020241917,0.11389633206549647,0.5984453969901992
2751623,Filantrópico,0.04212722603002649,-0.5990354543034587,-0.5946668268430022
2751704,Filantrópico,-0.4141130706271262,-0.3203581936262264,-0.4071843928448673
2754843,Filantrópico,1.6013410558214978,0.419665791761712,-1.1897587804952519
2755092,Filantrópico,-0.23317085641478302,-0.4972062375253345,0.04858885807592319
2755130,OSS,1.2725812783935004,1.0379788747584608,0.2626683329605808
2758245,Filantrópico,-0.39651250572570457,0.627314634054527,-0.7830610508641808
2765934,Filantrópico,-1.1417780164701397,0.28276490534422555,-0.174071060742015
2765942,Universitário,-0.49454200478252786,2.0105957951470477,0.6396700129784297
2772310,Filantrópico,0.9639273728042108,1.0851759906600043,0.06610822422525642
2774720,Filantrópico,-3.367038620184681,-0.11445770269634739,1.6356985014539034
2784602,Filantrópico,0.061158819044729015,1.8486941773067935,-0.9059766889999982
2785188,Direta,-1.4188653239949944,-1.1371984054622026,-0.30995635165647667
2785382,Filantrópico,-0.6639553632876143,-1.4232663139693766,-0.22220894593656193
2786435,Filantrópico,2.848924016256454,1.1056889882046492,-2.0937327931010468
2786680,Direta,2.0896594406646116,-0.5140889538918931,-1.0814851871221096
2790556,OSS,0.8637646309402154,0.14491547774209598,-0.1875684853930284
2790564,Direta,-0.893645308171062,0.9691002121584914,5.272159144324644
2790580,OSS,-0.6593544826664699,1.8584176193450928,-0.7658286468500893
2790602,OSS,1.258781616392344,-0.0644026098748257,0.30323054062178756
2790610,Direta,-0.8152846418832036,0.03821014348697935,-0.2768086183414533
2790637,Filantrópico,-3.140943923305007,-0.2706917944217392,1.051174871078619
2790734,Direta,-1.9459970144874845,-3.0128453322715174,1.4921068111129312
2791676,Filantrópico,-2.452801966490401,-0.9158156069565139,0.7535158346491463
2791692,Filantrópico,-2.3530444894158893,-1.82989219333248,1.1514414957612182
2791722,Filantrópico,1.3074081338448416,0.4314535132408709,-1.366988782082797
2791749,Filantrópico,-0.6466363611697542,-1.5675622674424439,0.09279529568734189
2792141,OSS,0.12267570060034703,1.483734900241761,-1.2230441719893665
2792168,OSS,-0.3080824814211125,0.9914591489677924,-0.2929046184782372
2792176,OSS,0.4993988660420826,1.366934052672191,-0.7854362261278878
2798298,Filantrópico,0.49708017883811695,1.9512782945184517,-0.28982919405983043
3012212,Universitário,-0.8532782726992512,1.6224084201678086,-0.38964984511703343
3021378,Direta,0.8853960080850983,-1.3012984305963333,-0.7758969739636515
3028399,OSS,1.1320210882149355,0.14766025178344647,-1.3396334187856196
3126838,OSS,1.7954688734526083,0.19882767602062273,0.9469700740520749
3139050,OSS,0.3066871239996451,-0.769954042033591,-1.1557066657502386
3212130,OSS,-0.43725924544445766,0.7952639460326444,-0.8585645909071066
3774554,OSS,-1.6372205151064616,-0.5365666475629791,0.4850615095658847
4049020,Filantrópico,0.9293151328880805,1.0648002210495726,-0.9993026038613814
5200105,OSS,0.7070373685610449,-0.2232596998783679,-1.5424413729508601
5366828,Filantrópico,-0.4521760439849783,-0.28270389100733834,-1.1444148147647277
5420938,OSS,-0.060686606068025055,0.8247620743642912,-1.0576340665179185
5718368,OSS,-0.07586291226855928,1.7493322258279178,-1.4468989710376559
5860490,Universitário,1.0406580097545004,-0.2731897072397866,-0.3019986909726113
5935857,OSS,-0.8865516438328733,0.4952348170832646,-0.8572308141005217
6020917,OSS,-0.5824551686619139,0.6973810967459936,0.3116662622070408
6095666,OSS,-0.26925654039819186,1.3777946662826177,-0.030975259029632374
6123740,Universitário,2.986833884315352,-1.2253483359410124,-0.003834280181945624
6164366,Direta,-0.6026234079664325,1.8731549455814738,0.6609238224926756
6236596,OSS,-2.3925658164356105,1.2089390845253214,1.1241592875892872
6878687,OSS,1.4742734404269224,-0.7594408570238129,-0.8869874081562539
6966594,Direta,-2.0378189820970234,1.6138796145906065,-0.5985597395273123
7320175,Filantrópico,-0.5329135237822813,-3.58991983049283,0.06963573605898812
7373465,OSS,2.1153737216538984,0.6380411848151311,0.045670213347596265
7473702,OSS,-1.1824040526953856,1.6427962876115245,-0.5477902619216731
7573162,OSS,-1.8529297892840078,1.2941502877445117,0.4797102595317555
7580770,Direta,-1.960900058072562,0.4056231400252547,0.7160795916790782
7711980,OSS,2.498712971827576,-0.48376337176932394,-0.3539967312315508
