cnes,rede,grupo
8028,OSS,3
8036,Direta,1
8052,Direta,3
8923,OSS,3
9601,Filantrópico,4
9628,OSS,2
2022621,Filantrópico,2
2022648,Filantrópico,3
2023016,Filantrópico,1
2023474,OSS,1
2023709,Filantrópico,2
2024691,Filantrópico,3
2024756,Filantrópico,3
2025361,OSS,3
2025477,Filantrópico,1
2025507,Universitário,3
2025752,Filantrópico,3
2026805,Filantrópico,1
2027186,Filantrópico,2
2027356,Universitário,2
2028204,Filantrópico,3
2028239,Filantrópico,1
2028840,Direta,3
2040069,Filantrópico,2
2058308,Direta,1
2065665,Direta,1
2066092,OSS,2
2066572,Direta,3
2069776,OSS,3
2071568,Universitário,4
2075717,Direta,2
2075962,Filantrópico,2
2076896,Filantrópico,1
2076926,Universitário,2
2077388,Filantrópico,1
2077396,Universitário,4
2077426,OSS,2
2077434,OSS,2
2077450,Direta,3
2077477,Filantrópico,4
2077485,Universitário,4
2077493,Direta,3
2077523,Direta,3
2077531,Filantrópico,4
2077574,OSS,3
2077582,Filantrópico,2
2077590,Filantrópico,4
2077620,OSS,3
2077639,Direta,2
2077647,Filantrópico,2
2077655,Filantrópico,2
2077671,OSS,2
2077701,Direta,1
2078015,Universitário,4
2078074,Filantrópico,2
2078104,OSS,2
2078139,Filantrópico,1
2078155,Filantrópico,4
2078252,Filantrópico,2
2078295,Filantrópico,1
2078414,Filantrópico,2
2078465,Filantrópico,3
2078473,OSS,3
2078503,Filantrópico,2
2078511,Filantrópico,1
2078562,OSS,3
2078775,Filantrópico,3
2078848,Filantrópico,1
2079097,Filantrópico,2
2079135,Filantrópico,2
2079186,Direta,2
2079232,Filantrópico,2
2079240,Direta,3
2079356,Filantrópico,1
2079364,Filantrópico,1
2079410,Direta,3
2079593,Filantrópico,1
2079615,OSS,1
2079704,Filantrópico,1
2079720,Direta,3
2079798,Universitário,4
2079828,OSS,2
2079836,Filantrópico,2
2079860,Filantrópico,2
2079895,Filantrópico,2
2079925,Filantrópico,1
2080028,Direta,3
2080044,Filantrópico,1
2080052,Filantrópico,2
2080079,Direta,1
2080087,Filantrópico,1
2080095,Filantrópico,1
2080125,Filantrópico,2
2080222,Filantrópico,1
2080273,OSS,3
2080281,Filantrópico,1
2080338,OSS,2
2080346,Direta,3
2080354,Filantrópico,3
2080400,Filantrópico,2
2080478,Filantrópico,1
2080532,Filantrópico,2
2080575,Filantrópico,4
2080583,Direta,3
2080664,Filantrópico,2
2080680,OSS,3
2080923,Filantrópico,1
2080931,Filantrópico,2
2080958,Filantrópico,1
2081083,OSS,2
2081105,Filantrópico,1
2081164,Filantrópico,3
2081253,Filantrópico,2
2081261,Filantrópico,1
2081350,Filantrópico,1
2081377,Filantrópico,2
2081458,Filantrópico,2
2081512,Filantrópico,2
2081555,Filantrópico,1
2081695,OSS,3
2081814,Filantrópico,1
2081873,Filantrópico,1
2081970,Direta,3
2082098,Filantrópico,1
2082128,Universitário,2
2082179,Filantrópico,1
2082187,Universitário,4
2082225,OSS,3
2082322,Filantrópico,2
2082349,OSS,2
2082519,Filantrópico,2
2082527,Filantrópico,2
2082586,Filantrópico,1
2082594,OSS,3
2082632,Filantrópico,1
2082640,Filantrópico,2
2082659,Filantrópico,1
2082667,Filantrópico,2
2082691,Filantrópico,2
2082721,Filantrópico,2
2082748,Filantrópico,1
2082810,Filantrópico,1
2082829,Direta,3
2082845,Filantrópico,2
2082853,Filantrópico,1
2082861,OSS,3
2082888,Filantrópico,2
2082926,Filantrópico,2
2083019,OSS,1
2083027,Filantrópico,1
2083051,Filantrópico,2
2083086,Filantrópico,4
2083094,Direta,3
2083116,Filantrópico,4
2083140,Filantrópico,3
2083175,Filantrópico,1
2083604,Filantrópico,2
2083876,Filantrópico,2
2083981,OSS,2
2084058,Filantrópico,2
2084163,OSS,2
2084171,Filantrópico,2
2084228,Filantrópico,2
2084414,Filantrópico,2
2084422,Filantrópico,2
2084473,Direta,2
2085194,Filantrópico,2
2087057,Filantrópico,2
2087103,Filantrópico,2
2087111,Filantrópico,3
2087219,OSS,2
2087715,OSS,2
2087804,OSS,2
2088193,Filantrópico,2
2088487,Filantrópico,1
2088495,Filantrópico,4
2088525,Filantrópico,1
2088576,OSS,2
2089327,Filantrópico,2
2089335,Universitário,3
2089785,Filantrópico,4
2090236,Filantrópico,4
2090961,Filantrópico,2
2091267,Filantrópico,1
2091313,Direta,3
2091399,Filantrópico,2
2091585,OSS,2
2091755,OSS,3
2092611,Filantrópico,3
2093324,Filantrópico,2
2093332,Filantrópico,2
2096412,Filantrópico,2
2096463,Filantrópico,2
2097613,Filantrópico,3
2097877,Filantrópico,2
2688433,Filantrópico,2
2688573,Direta,3
2688689,Filantrópico,4
2698374,Filantrópico,1
2698471,Direta,3
2699915,Filantrópico,2
2702193,Filantrópico,1
2704900,Universitário,2
2705222,Filantrópico,2
2705982,Filantrópico,2
2708779,Filantrópico,3
2716097,OSS,3
2745798,Filantrópico,1
2748029,Filantrópico,4
2748223,Universitário,4
2748568,Filantrópico,1
2749319,Universitário,3
2750511,OSS,2
2750546,OSS,1
2750988,Filantrópico,3
2751003,Filantrópico,1
2751038,Filantrópico,1
2751046,Filantrópico,1
2751623,Filantrópico,3
2751704,Filantrópico,2
2754843,Filantrópico,3
2755092,Filantrópico,2
2755130,OSS,2
2758245,Filantrópico,2
2765934,Filantrópico,2
2765942,Universitário,2
2772310,Filantrópico,2
2774720,Filantrópico,1
2784602,Filantrópico,2
2785188,Direta,1
2785382,Filantrópico,1
2786435,Filantrópico,3
2786680,Direta,3
2790556,OSS,2
2790564,Direta,4
2790580,OSS,2
2790602,OSS,3
2790610,Direta,2
2790637,Filantrópico,1
2790734,Direta,1
2791676,Filantrópico,1
2791692,Filantrópico,1
2791722,Filantrópico,3
2791749,Filantrópico,1
2792141,OSS,2
2792168,OSS,2
2792176,OSS,2
2798298,Filantrópico,2
3012212,Universitário,2
3021378,Direta,3
3028399,OSS,3
3126838,OSS,4
3139050,OSS,3
3212130,OSS,2
3774554,OSS,1
4049020,Filantrópico,2
5200105,OSS,3
5366828,Filantrópico,2
5420938,OSS,2
5718368,OSS,2
5860490,Universitário,3
5935857,OSS,2
6020917,OSS,2
6095666,OSS,2
6123740,Universitário,3
6164366,Direta,2
6236596,OSS,1
6878687,OSS,3
6966594,Direta,2
7320175,Filantrópico,3
7373465,OSS,3
7473702,OSS,2
7573162,OSS,1
7580770,Direta,1
7711980,OSS,3
